id,x1,x2,x3,x4,x5,x6,x7,x8,target
1,2.2016953233763763,1.213212754502258,4.339963510136754,0.7720215620034229,0.4318915934037171,0.6424723502751735,2.9485329313100896,3.1765948384012472,0
2,-0.7682911045750178,-1.1308260640793948,0.08146262773582356,1.2031126464308044,-1.7686948785119176,-3.2990669148567164,3.2548234700445207,-0.8606354417303664,1
3,1.628743528157115,0.8595920151330526,0.15700652190136102,0.29186176200001496,-2.111988648927241,0.6863159589298895,-0.7392404218775663,2.628559268777184,0
4,-0.32747032351453254,2.3403563735402764,-3.103323261005955,0.02313872309816787,-1.329344047503066,0.5460019472836688,-2.1494483997187706,0.6921416332281713,1
5,4.664836883623482,0.6919468717804007,2.860601060350709,0.26588629805933295,-2.120915275359304,-2.4778337757132203,1.3028695661212437,3.7074350060176577,0
6,-1.0532243979318185,-1.5193222364101655,4.696691092005694,1.840217134841991,0.8415598077263979,2.3593311450044467,4.286719073804908,1.1740521235013843,1
7,1.9429142985645282,1.9374020930284401,2.4663070869155415,1.2218005525188131,-1.077015659977126,0.7013789877614003,1.8479561916565852,3.587895908137892,0
8,-4.131593419919263,-0.2683207211899171,0.7214874438879717,-0.4856511760906721,2.5043074998455106,3.270671366949789,2.0522166093260767,-1.7625640289865525,1
9,1.5356477969786606,-1.2626576252795465,3.4165817752758967,0.10354413863939305,-2.6547150867722475,-0.3375927633523932,3.2305648243151586,2.934402682572025,0
10,0.2958233014649915,2.1002661040800277,-3.1026509570533345,1.272487446598739,-2.2523456611457466,-1.0823907239008586,-1.4971510096208425,0.8071712545714202,0
11,4.705749684480806,-3.43014696721382,8.393094942416239,1.226405143870384,2.386531744914973,2.1128834434693213,1.2416568080579695,2.9415760461404727,1
12,-1.0299943200901664,0.2862812197614105,-1.1620118195670153,-0.028083865592979814,-1.295061664280279,-1.8746984519931358,1.569343501927532,-0.6017234405143522,1
13,1.523615895371019,0.7751705510178615,-0.8080075645035023,0.6971028559082724,0.1476508246696393,-1.8172727406903275,-1.1313617582232254,-0.13688202285214623,0
14,2.0288959527366233,0.26866579500614607,0.7941197504597545,-0.030144269520851127,-2.1130268089089803,0.8633646636063144,-0.787424892282691,2.8308030843197853,0
15,1.6218290357592053,-0.27692696792258586,-0.2890511718248758,1.0035665601832853,0.5839791879294087,-1.1818161015374837,-1.69840409749701,-0.42247271743057163,0
16,-2.248608786341962,2.7267488051908577,-5.0547107262291355,0.06526819534255347,-3.285073189926038,0.3729941521050153,-1.3861748329392218,0.48268470301562566,1
17,-0.6734750982411326,0.861497532904419,-1.1953648766358478,-0.16134421165179372,1.5840841876100324,0.6340698385520838,-1.384223652536775,-1.1024187030023045,1
18,1.0694821548023654,0.8149574396245437,2.3382896378316738,0.4283129624734963,-1.1508822301764015,1.9285776989242818,1.3185636728603596,3.158227717843816,0
19,-0.5057949829629802,1.103995597391173,-4.169181594341611,-0.24141441042020614,-1.3308443037093238,-1.2796170128985227,-2.6680725293927168,-1.0485395344935171,0
20,0.16793977401282056,2.1416562039846783,-3.445019328894399,0.715658244757891,-0.9037625770237072,-1.7183902501723323,-1.8908108228315885,-0.4229636014317178,0
21,-0.13274856899745635,-0.022027640434747253,1.1924086606247346,0.33523868706994847,0.284823083479278,-1.9195196182684087,2.735286619264946,-0.41521008212427457,1
22,-1.2916581590414016,2.0003386437737216,-2.467962973174577,0.7007362851328974,-1.1759790405871426,-1.6779579607404183,0.8958763467390574,-0.44448338849997776,1
23,2.207179633378935,1.4854746080813312,-0.19541993614086206,0.8731694306934659,-3.134316985839522,-0.42844131337105895,-0.35065915677293347,3.229439552516595,0
24,0.9104651206371186,2.215744157534985,0.6872102521027037,-0.1683082339620694,-1.1507170484588551,1.4930616729685209,0.4212927479994265,2.911556498941519,0
25,1.9170875704822348,0.56804904313599,0.9537597178489313,-0.01347182166515796,-0.7297483431834031,0.7213118727615662,-0.7945554324248096,2.0919399032590555,0
26,0.7332741845981328,3.0110517369264658,1.0516509604492192,0.08312246565668001,-1.2951863045416374,2.9958268158032015,0.5190574053246422,3.9932141725996604,0
27,2.118077200106772,1.5387159236541061,3.1276527815477664,1.7495813052724989,-0.3661286545983191,0.9088425553977821,1.855937314467823,3.3774026289618253,0
28,-1.0299486045905657,0.4627555671628809,-2.264063295680395,-0.8546729449714168,-1.359755365123182,-2.3999647805854503,0.6704646734660695,-1.1265737082363647,1
29,-0.8822157859286216,1.5389065196733505,-3.7192008714696496,-0.1613643730095305,-2.114376718322009,-1.5622211543732138,-0.9988348401222737,-0.41217454544188864,1
30,0.9472655403373607,1.6194880450226785,-2.387528571081404,-0.26971853155733616,-1.5968444135692947,-1.8151121816852838,-1.3385630896726348,0.4607177151674209,0
31,1.2223468124424433,2.5572682619829843,0.06504153055797068,0.2686614266837726,-2.421372657721175,2.2613474712337047,-0.5011187432966904,3.985152632509253,0
32,-1.3377900852554048,0.22205217325650795,1.274215124205108,0.058351004285477494,2.0813445936199195,1.732349364344146,1.1362956616534932,-0.5356304828894709,1
33,-0.3881263467452347,0.5982782254291633,-0.13684425942482126,-2.209151619088701,-3.616103221468296,2.0758377637671437,0.6465826637031669,3.047099261008521,0
34,0.9058990242211102,1.1386146539660351,0.5994188873617048,-0.8943326230884198,-3.238004107454177,0.35625604366815256,1.3883117540565855,3.25330020110403,0
35,0.41082476447945926,2.170218747556632,0.8485107665087258,-0.06344606394414584,-1.4115929080513878,2.1878070725057563,0.7869968950174879,3.177414124458342,0
36,-2.898081206255939,2.46536196465427,-2.810608841124021,0.8899163325651686,-3.2512039886715165,0.6976637064337132,1.716763239228605,1.1510470174070273,1
37,3.501185330572218,0.462529724511731,1.3947913411260027,1.4919196463452724,-0.9839933140938979,-2.2852393168251655,0.058585236126154294,1.9144106877571836,0
38,-0.11356330623662081,1.7667046968494722,-0.2558861612965715,0.6419305349615512,-0.3378962044460465,3.058868997093064,-1.203129726807494,1.9726917797874497,0
39,1.5437587126749142,1.861208186061214,2.9496620204200243,0.0301615725351249,-1.6790374139521989,0.9518934739729522,2.914675039178384,4.065611358995815,0
40,0.9184539483432748,1.1319294022082638,-0.907715222333717,-1.1466647145209035,-0.5499630452681931,-0.5157680191251165,-0.998387102141632,0.6538164102607835,0
41,4.220400215970259,-0.47862233813297705,3.878635362255663,1.1011557622472865,-1.1018643008745175,-0.12466204117987312,0.5172446528554113,3.619615278223192,0
42,1.8848905344265283,1.4525717585931404,-0.4579809960823614,1.193956259988278,-2.7796772153428826,-0.588371135014743,-0.3811823756926733,2.707381360375422,0
43,0.5678693348106438,3.1663849246191704,-0.025510024186235523,-0.1804897889316338,-1.0280242282064629,3.2627074036915795,-0.8334010262219065,3.482059420140212,0
44,-1.5602272531305503,1.6736274482394464,-0.6930055041137767,-0.13251667954189647,-0.17508745526105574,-0.07521153550345905,1.7543705804290899,-0.00604391557852311,1
45,-0.7611767385056072,0.6050097452799941,0.0004770564065595354,-0.25658793018217363,-2.4687010145238837,3.524367862479699,-0.1913860559734697,2.7716232089125103,0
46,0.3342266997862753,-1.5053293965982788,4.6668999971554666,0.7326493607290827,2.9169443951641885,3.0477163786368786,1.4727336243287175,0.6496499992826357,1
47,-0.654531858795163,-0.689520212507494,2.977848610807059,0.5280683677462349,0.9029199835551057,0.42456767585811983,3.3858349924792135,0.2710421357232016,1
48,3.0163548727206075,1.0963628762826971,3.3575337494871507,-0.5267554326549905,-0.24250383438046452,-1.1627069580804832,2.2618024694701315,2.793041668508808,0
49,2.9796591556455425,0.6116392694733052,1.4889670635159096,-0.6654854146902154,-0.897734371413917,-1.10515301141204,0.0013594322593333263,2.1927911754555645,0
50,2.364946693210216,-0.9116137355970242,5.194126718073689,1.4334224198251682,-0.05888351063282671,-0.03440711222120796,3.4397278449135307,2.659433415506404,1
51,-0.8244919438613854,-1.4683340109070349,3.100734606950557,-1.4126684181710272,2.909672121810135,3.571713501007702,0.4752386079709733,-0.23409206198386898,1
52,0.8998337983108748,1.4161454852562292,-2.8767383712626877,0.030190787210155032,-0.9708403820543101,-2.522155844447213,-1.7777707585574598,-0.4947714638394307,0
53,-0.8857037520295667,1.8537196466748178,0.2272754072939301,-0.15060591943684326,-0.7190161482537507,-0.44385767431240875,2.7063101299083607,0.9230526197418533,1
54,2.355960534994355,4.101373852860074,4.970099944188133,-0.2218609037953063,1.43479121388347,1.5550669737770024,3.944161061228834,4.561466676007291,1
55,1.2422103394642796,-1.1381392128145482,1.1227145357572472,0.9212476849103453,-5.147284870896892,-0.27673355412457945,1.7598632026224617,3.482615508452038,1
56,-3.0600576034902742,2.0926779124665584,-1.7794281417596283,-0.7454734920621153,1.9296232273533045,-0.19040998645014606,1.4590149707824678,-2.167530025676368,1
57,3.9240747876596744,-0.9906614983116973,4.32226866872693,-0.1246177961901297,-0.4409848673006852,1.1040664152623754,0.06378603576717912,3.4799338005586686,0
58,0.0390242984840532,0.14448018123783046,0.5774499660966561,-0.6489138812724988,0.7732665485698045,-3.02942935083308,2.402763705522652,-1.2246972349230232,1
59,0.40586456358660905,1.6807758936059767,-3.3773949891886863,-0.17186298646329173,-1.0836409747847706,-2.6806515661922,-1.5841459634931736,-0.7516753410920654,0
60,0.8206528673047452,-0.4990591796069126,1.1851657687473245,-0.018558005766067587,-2.1910295786859404,0.9447219752206666,0.6021045789953102,2.257425124511422,0
61,-2.248447522784558,0.16374249247462425,-1.803567787547953,-0.17921047462538878,-2.428755186619976,-3.0879094934843714,3.2861788157569327,-1.1139847731588572,1
62,1.107770131044148,1.4549618984517767,-1.5264920807522908,0.5289579363925203,-2.2429415279189517,-0.48256615368757594,-1.1421828065053286,1.6750307764971062,0
63,1.4232428916091704,0.9352703090800943,-1.0402221115984276,0.005492550243393307,-2.018569973536518,-0.5675074623252885,-1.1702864936515294,1.5838775285920283,0
64,2.091089027202992,-0.19533551644702785,0.5074078956130745,0.18330021210499314,-0.06358719231529486,-0.5529708472135704,-1.3347650313002222,0.7483113623763277,0
65,0.5996873127656106,1.5638584315753357,3.110315272310782,0.2300095237628365,0.2627949818004782,2.612336150664478,2.11324787168602,3.026914492068622,0
66,1.0452813005399246,3.0584220213390627,0.22372027007818904,-0.9107038230647322,-1.4994472451467715,1.6902042347871475,0.12526011203599974,3.449615272084481,0
67,1.88040254307516,-2.398515995990967,5.826057469599969,-0.6931868272364192,3.016509398523895,2.6915359826741585,0.9941185049167736,1.107296112784851,1
68,0.5482208228100198,2.32588912375972,1.1675458868717825,0.03606339146962743,-1.1452413467267024,2.913341292335139,0.5238130755503151,3.5280969411740624,0
69,2.0386430936350846,0.07630630043325848,-0.4063297816653305,-1.6325584029920932,0.7784570962974915,-2.455114781084975,-1.3678112903077628,-0.719733153266186,0
70,1.1034126570295906,-0.19501403910163173,1.423989195238451,1.163508767954987,-0.37990428992932257,0.9592414538192153,-0.005922423252235243,1.4929407613906898,0
71,0.0339825737847852,-3.262103132412814,4.941088297718553,0.4886919527092181,1.6267361629138022,2.4356868682118518,2.209420315648763,0.40563694403711625,1
72,0.24364562973544857,2.612789149120598,-4.055636950022803,1.1658060192083854,-2.844991518180776,-2.274051792413087,-1.345637934453961,0.5738364210649571,0
73,0.9015488801978937,-0.4050215878341856,0.68699488991051,-0.7791516519282973,-2.477355905268255,0.5235761152672329,0.33978668498565956,2.1510324467840167,0
74,2.95629299588745,0.4911192172382409,1.623708076655272,-0.5938401622466388,-0.7930223899765322,-0.81140528913205,-0.1004301233440612,2.2230278455569907,0
75,1.8645032590067294,-1.2621209372834572,2.0326113725770107,0.20672404724499435,1.5018829146727484,1.5081299038000773,-1.7127092153170913,0.5627643784588192,1
76,1.05366031530631,0.7083458125493376,0.8505837987933649,0.37735070276322974,-4.235392582227647,0.669744308364682,1.5297871328328978,3.9385299575644144,1
77,1.9722763652238466,0.636731129236417,3.0279817880419917,1.076146312640013,-0.7915082076126074,0.418646273638283,1.948859655225005,2.945733966448207,0
78,1.5935615561770669,0.7394081355235899,2.5570843418577978,-2.276991207533051,-1.3059814302641275,0.5701375973020268,1.9371891025026011,3.026086735404087,0
79,0.34271791491422265,1.660477024911735,1.4691548799560827,0.19597503386460266,-1.1071623925049279,2.4348417434920004,1.0922148981074167,3.071486208026082,0
80,0.15922832196824532,0.0197785198554985,2.118333708061436,-0.6147728651569183,-2.957716014232564,1.132242484158697,2.897831559523458,3.1849696369114957,0
81,0.5849295990089998,2.3138044731444216,0.8866916417572367,-0.7082884626016631,-1.1563810367812155,2.8901037169683095,0.15331392176543956,3.4170707003705996,0
82,1.1016366781964826,-2.351922247165936,3.9831379689720934,1.4820224936157906,0.2729826681835509,0.6631980430471958,2.028811206215316,1.0418986125768646,1
83,-1.2909495340907249,2.3962365001045494,-4.214807288911148,-1.652918697838884,-2.0681906796744967,-0.3354418289557354,-1.5749552688218091,0.03585488820799725,1
84,2.1619644038479535,-0.15280323217685887,0.619302022247618,-0.3618113392325675,0.1538638012816611,-1.0414246523049082,-1.0221264592909431,0.5346754896726902,0
85,-0.40127993909505055,2.2425066859076654,-4.9952315068438935,0.23957654036320872,-0.050602907302291555,-3.857063552419123,-2.0813216879222476,-2.5225334927261316,0
86,-1.0750551752060034,1.3441727113812179,-3.9397823449724543,-0.15492460183627646,-2.310030155591808,-2.111985207474895,-0.7173821268132405,-0.7422405993767053,1
87,-1.2231527164282843,3.261137492800688,-6.27342800922368,-1.6288901835745146,-2.6912339468645303,-2.6202595563303954,-2.013950872864984,-0.8181682038909951,0
88,1.3064555492749177,2.1590921586971596,2.3455161272707286,-0.46710340679077605,1.247841237972943,2.1500499306509546,0.6029115043487802,2.4792869135312623,0
89,1.7560524341729726,0.9643883623597427,0.06884696828219716,-0.5677057842186854,-1.7403722069990595,0.2587712761740981,-0.8052793050531375,2.3078154555488735,0
90,0.4991162742766345,1.0237210713520626,-2.2145770745343714,1.110302361982764,-0.09721841037073564,-1.1655569749966266,-1.96268647374293,-0.6118422144165656,0
91,-0.2843106345831772,1.3154939105524468,-1.487855961105689,-2.1622192209177933,-4.509492314179444,2.8717368574951507,-0.9368380910369278,3.690656487343153,0
92,-0.8406747538523474,2.0323614802934564,-5.189767098368428,-0.7670545065706765,-1.3899208275575945,-1.9188803504480587,-2.672177861629505,-1.3546416700086927,0
93,0.36466898134438996,1.2888155292489156,-0.3424745531560835,2.68753436569696,-1.894525421142227,1.650284399913266,-0.5032256449234027,2.354022516959038,0
94,0.36548499803736345,1.59989520309237,-3.69840308059319,1.9606912721610468,0.3166118227161412,-3.837195841282126,-1.7854434017038088,-2.2136875146615442,0
95,0.26756994829853364,-0.7229837830741432,-0.4966117668546406,0.8313492670632543,-3.235195064380858,0.9530721653423483,-0.5578340198112475,1.8875571356641436,0
96,1.4736031740426634,0.6886009164991789,-1.1968913550577522,-1.1725916088527426,-1.3013029719526914,-1.4624331849036094,-1.2415010486941231,0.661232509465236,0
97,-0.6437585123402157,1.270501016939001,-0.8189546820413441,-0.7634313401500049,-0.4020552229566038,-1.5005360298021975,1.4424150462725196,-0.2691068377919439,1
98,4.248373258966087,-1.983784172020596,6.2658906660946725,0.7589386001219477,1.3322852997802292,2.163773167199702,0.21224240150445695,3.228356476004259,1
99,1.047552211162617,1.7408247226340214,1.0998310627515815,-0.6493313119203942,-1.322555903604817,0.991752904671914,0.9489176324098945,2.841198143872521,0
100,-0.7335147225129752,0.7156970589611316,-2.3544872820941993,0.7821826079557601,-1.451697789673188,-3.2312976151980566,0.9425878238517935,-1.1716075381485642,1
101,-0.8702857059658156,0.7080674019550734,-2.3868964032718805,-1.290364484542836,-1.8308855705769664,-1.4735279906782928,0.051434207564866385,-0.38394159025633057,1
102,-1.137575285424157,2.160361837755888,-5.730911122090966,0.2552733874135629,-0.4985317518020532,-2.8198120674331895,-2.727934171280338,-2.501990383039704,0
103,-0.39482619118338214,0.35429983282887845,1.7004279369089823,-1.6970973849862518,1.6912290237236947,1.0304812411929425,1.324986526564062,0.05150412913031854,1
104,0.20005145245856804,4.906174611798429,0.3970231480986424,0.6532831732495379,-1.095478494973185,3.6867329740150554,0.6692834037972472,4.532001234402018,0
105,0.85123117009884,1.0537079485637204,-1.1999333468918136,-1.1802929395898938,0.046745733146057455,-0.8746604645710193,-1.329775954875151,-0.026330202689853303,0
106,0.24259201829925792,0.5938560966602326,0.994793300457937,0.7792340343136079,-2.7241245562025984,2.5010574033881054,0.7158514972754477,3.355317407367493,0
107,1.868648243946414,0.6666119303921343,3.281819491788472,-1.8852000520211172,-2.3820522642501833,-0.1495545387066115,3.402197074772765,3.8089726877308983,0
108,-0.42193415396393297,1.005567648048781,0.6200981369171085,-0.8639512214208059,0.3072622953826256,3.5194441216288705,-0.7243795583141119,1.6304723948363788,0
109,0.223476034148404,-1.6555820160893413,4.10805584815064,-1.2144592807526615,0.4458409041625596,1.3095672549265884,2.9703401574655905,1.21476411516023,1
110,1.8290526232664006,-1.9247550169779717,6.751034039151871,2.6781098736383924,-0.37505806505761896,1.4252854936796167,4.61484007509421,3.346160318116207,1
111,2.0128279145357437,-0.257693443226795,0.15758517203148184,-0.8427425900149415,-0.39044248544772375,-1.1947870727541734,-1.1582986227569603,0.517807467060153,0
112,1.5632235013664424,0.7701869829309944,2.980259070893898,0.33951448381884,-0.5377031531319071,0.8818874505715372,1.9892992951210509,2.842299660902224,0
113,-2.389637698759425,-1.3624531175274845,1.6511242995427056,1.2133164091856419,2.4448966358678748,2.0064564108072154,1.6420132078871843,-1.645386939019261,1
114,0.29717206929148654,1.055836464398158,-2.7455235499806494,0.0788960965985086,-1.6187516970201439,-1.9556502371205915,-1.2490671844294312,-0.2345914477682202,1
115,0.8912737597213176,1.6072125279925467,-1.9328147852340247,-0.354987284113288,-1.4141031935178892,-1.2316212270169555,-1.1811550590681001,0.7181397715178363,0
116,0.3141197373551231,0.8817424493064165,-1.7380337586015742,-1.8037814217781782,-0.932319224536206,0.41200756686094087,-1.9391945819132803,0.5258025469206944,0
117,0.6107758658751726,2.704476101231224,-3.925891649936006,0.22898242506107808,-1.8536638989779441,-3.8064394084183206,-0.9377411773925843,-0.345529219794599,0
118,-0.19359172611021225,0.40674022551740574,-0.5955363441717547,-1.1053533175527916,-0.051588981696620184,-2.080393860919772,1.0532000584244134,-0.8349337856214741,1
119,1.4230873883555977,-0.27163479172885774,0.08138611830244558,0.5150426732761878,-0.5337355971834269,0.7732410940346093,-1.8516480427259738,1.0429973996616142,0
120,-0.005411078995414265,-0.5644015312151243,0.011967201011047054,0.007964282647330446,-0.46024351942451514,-1.5158895829870822,0.9257490355080797,-0.514653119505932,1
121,2.0577862123276014,0.7821713634578531,2.5811100451393783,-0.29626744350888173,-1.1974066398868768,-0.031937150151908344,1.8369975914170595,2.9502315646205552,0
122,2.4023662647723296,0.6427450521102905,1.5509935684633842,0.2801213889694491,-2.587157893410774,1.2889111872383514,-0.16589425542093905,3.9076979955865636,0
123,1.0614763151670887,1.0696325885428073,-0.8048071706053826,-0.8202413294487015,-0.5581589024524714,-0.07868038976993663,-1.3382446653721163,0.8809478951699944,0
124,2.2518243187350615,0.27690718341038534,2.7770993408014646,0.10704238207871382,-2.439754515342848,-0.5443083307102288,2.463676452255155,3.4535305270610817,0
125,1.5427599468431432,0.821807714783157,-0.38910248552175464,0.4092583875972426,-1.47001952035758,-0.21659136629237496,-1.0055958648226055,1.633539715683785,0
126,0.4056138570656149,2.063340554486934,-3.8241698199338146,-0.40996050385277344,-1.4344561812699308,-2.763921816118952,-1.751731155865512,-0.5717446740986213,0
127,1.1853174520150285,-3.9127913219609933,5.700907285168807,0.7795667272403815,0.7335597194722365,2.1631563553770565,2.129791414183096,1.3048762474149,1
128,-2.320092993281036,1.062965272915884,-0.3413315324417015,-0.2783911708109784,-1.6705642710232875,-0.7706038368346418,3.7704015176283043,0.24696951718353694,1
129,1.2780948798702578,1.319804491822468,-1.0229828772766079,0.21181707897447793,-1.5630225891380434,-0.5993395198527206,-0.9715145480421655,1.4250194531610703,0
130,-1.8065710354150197,1.7615621407274782,-3.396604124214092,-0.219443811644863,-2.070428686463105,-0.8168349402287995,-0.005383642465901284,-0.2820511123943108,1
131,-2.417598797575777,1.5866159053801256,-3.096470916118376,2.1874888293742063,-2.203925589014162,-1.2128153771638668,1.2494587767575873,-0.5252268991681587,1
132,-0.8717598567547635,1.4225546200190704,-2.7670259390387493,-0.6299052547184123,-1.7358769958974472,-0.9668044119902135,-0.4393309327313615,-0.08697270270945509,1
133,-0.6875232655795236,0.5497589284391676,0.46581287785274966,0.003084126825026962,0.21627181953346342,-0.5382750305280025,1.8408079650142604,-0.1276618131562721,1
134,0.4574431286035239,0.7825240390667603,2.400247639595122,-0.9644042546116923,1.3002351986308873,0.6680657334456489,1.8683258638940954,0.9793208397986052,1
135,-1.021659911403815,0.9069222185046382,-4.305286279734956,0.3905228975650011,1.2144553381024583,-1.3794215377247128,-3.340882191864898,-2.999491848656113,0
136,4.428245545640056,-1.1831190739331994,4.101720216934257,-0.20528709148810095,0.2930098893054274,-0.946835051198998,0.20030019571167856,2.306844230701079,0
137,0.7461432629422726,1.3221415377103425,2.3686285890244245,2.2908839240787624,-0.1062271107169468,2.3803327823209557,1.2296070327316444,2.8029459281647804,0
138,2.3318161243691766,0.1781805447170588,3.784551462044149,0.2144508339716411,-1.9513870032454848,-0.7534685579844378,3.5058955960306637,3.483755987828946,0
139,0.817034205954869,1.8910028159845744,-3.021051922735213,-0.44791447968698456,0.27706427178869264,-3.884883239936374,-1.2524192976801563,-1.6158212224251807,0
140,0.6114571793357014,2.5343578665796356,-3.7529424719361644,-1.1834061882665312,-2.26355580979747,-3.132237565693209,-1.0824671856416657,0.13890263108734913,0
141,-0.22715694044275958,-0.28784469907629484,-0.5342295138603317,1.0037095238106777,-0.693661050222599,-3.540290954858513,2.0442453760296364,-1.2685957656140427,1
142,1.6337776992579212,2.0932816500067806,-0.9179494402951374,-1.640266639225316,-1.1487546534120001,-1.7183212876150034,-0.2896892235767631,1.3146910611607796,0
143,0.9796500520412448,0.6227762678785705,1.9120393821568265,0.3428151624026237,-1.999674468371858,1.0689127223724109,1.7049519360427194,3.0756006255144124,1
144,0.2551206190844163,2.590092700516996,-0.1565079534781001,0.34753037615807447,-2.107798780461428,2.443606223128617,0.037622896096947134,3.415899958801214,0
145,1.0711610636827804,0.6046418438825244,1.6232817811288782,-0.38647671725197413,-1.6238670495334135,1.3323917762492103,0.9187220974748262,2.8413422184337893,0
146,0.7141310002130814,1.1070967446602016,2.378129437828378,-0.7337879737853639,1.1585817654068238,1.8832043635153362,0.9845530577915902,1.73645538891937,0
147,1.7709069494140282,0.982804401711229,-0.7121749194244339,0.6397873317955373,-1.2768116365724431,-1.4332963779313261,-0.8536396996538287,1.1095835598790058,1
148,0.6224177007326918,0.7772475108074616,0.49054390778834384,-2.0678547264359923,-1.9721668413798275,1.6421543764346256,0.03267173210316554,2.6041942728843552,0
149,1.2843249968073274,0.5615881294697141,-0.5683114445467022,-0.10212844003499932,0.4530965680034158,-1.0048017326843168,-1.3369316593809395,-0.12788284992257307,0
150,-0.9378753377136532,1.025605305825721,-0.4407725202391564,-0.9474921349737745,-0.5138113559076423,-0.5077121108905382,1.502027310710372,0.08420952396590767,1
151,1.547507649889742,-0.11750508485356259,-0.7613581660482993,0.2404712493302069,0.24502054324998834,-1.405859995767412,-1.8378694383413774,-0.44318110811999284,0
152,0.8695114999136615,1.403977003822532,0.9559081574366373,0.7343046755614968,-1.6542222980711727,1.8318765042767842,0.38709125682522183,3.0576626465450834,0
153,-0.841827468687341,2.573739710362014,-5.162703257060086,0.4146985287308868,-2.888333547455246,-1.3094809894036803,-2.168114528139851,0.05239803845843495,0
154,1.1259836463508335,0.5420644728403236,1.415463525937005,-1.8579920416244045,-2.150699092192098,0.7096283171046665,1.194776806615184,2.85044506155752,0
155,-0.6793322705609178,1.0367603882195429,0.45247215126622875,0.189092493839052,0.1833749789027761,-0.5441968022663878,2.0672864898226084,0.11729003583146043,1
156,1.677182380361983,-0.8556028789506235,2.7618047747470906,-1.9593902260907439,0.38605145686747244,0.692395659352662,0.565150527476473,1.3903972586412656,1
157,1.3208040834572916,2.0757017009414747,0.6493869464105717,-0.4395887110317737,-0.4918679996812261,1.5963719843941768,-0.46871911205308736,2.6131192895419004,0
158,0.4286688977051606,2.0245451204683715,-2.328756445449611,2.715946572312882,-3.1374039738106987,0.06828427577646501,-1.1195869885503285,2.099665010176453,0
159,1.3810886225953778,0.8674164047224988,-1.1804481115176646,-2.038961277005416,-1.7427111794788108,-0.9308048498755199,-1.204155966773958,1.1783929185222817,0
160,0.4022590695769408,1.8443784786215693,-2.96072275878478,0.9614216853675427,-0.8860918961667552,-2.168899637091342,-1.4042824771788693,-0.4423026696895244,0
161,1.1067957352536686,1.8784420971046558,-1.5929129899837384,-0.8943499126754028,-3.3741799873285885,0.15751937669622373,-0.9786874440567848,2.7714654699642627,0
162,2.9129354486330623,-0.5332626165892729,3.94595654049548,0.7828702435813464,-1.7039176314162803,-1.4785805661272404,3.109555300534712,3.0249581677643222,0
163,1.707023110903811,1.4478840361165242,0.6517556739055507,1.1005976067613101,-3.4121724429971714,0.5520882063824685,0.6817616941903017,3.8980125897188165,0
164,1.1842890996102873,0.8922084072744179,2.5981286301249815,0.6111436546495426,-3.9451300098531368,0.7414353691817879,3.459085492704424,4.6528175782413355,0
165,1.4060416174656125,-0.7637893132269156,2.9267969082136513,0.8886627535509601,1.4591238908806414,0.7643902905370258,0.6219851163398802,0.7637059607481006,0
166,0.48945780228225055,0.1957626890564934,3.7583172908739724,0.0495785204847066,0.762120420517193,1.3849840807068547,2.968535902592361,1.870604370122738,1
167,-1.0877832466721873,1.6463374120137455,-4.759127072696745,-0.02402785808060396,-0.6946222531989077,-0.7354053482944949,-3.1182720384700655,-1.4592756296110552,0
168,-2.5662620452974254,1.1349603784182534,-1.0237328636336682,0.8456015144669514,-0.3010574769374299,0.058916287610594864,2.1352078954532594,-0.6501272285982012,1
169,2.6106588247688016,-0.05395161275290605,2.4423840131916696,-1.824724046900739,-1.8307160492589039,1.4270033675680167,-0.02771292388581048,3.6131108270937733,0
170,2.0329323223491986,1.674280640074721,2.6540894658352387,0.14486766465755532,-0.714178041913117,0.8491714273136161,1.6113738750591553,3.4046475541057872,0
171,-0.12875083172338342,2.0817236699500716,-3.716406272435995,-0.13476857911511902,-1.625769492603757,-1.682302829444812,-1.6645897146902873,-0.21737399509095315,0
172,-0.1566584685991863,2.2152213838629073,-1.315626301559354,-0.5775300935075538,-3.0753763237975056,2.563531832266798,-0.8092478986665992,3.239248935062951,0
173,0.27509677719351044,2.957951130316993,0.7456381016715866,0.09186474564849363,-0.46802010740020616,2.789904389798388,0.4103211569969494,3.084302731436182,0
174,0.7866306120786618,3.073510409441023,1.0177880741280072,1.0501105961089143,-0.3407613659217682,2.6401387621595616,0.2958174050548613,3.312959638406096,0
175,0.6911213225910033,1.0151467151288556,-2.240912512411585,-0.33689782558349113,-0.3495981032930041,-1.9720927476234833,-1.5765714739124788,-0.6843666199529529,0
176,0.44611693278148146,2.387336490644159,1.8078107476958243,-1.113054427063712,-2.358124591646032,2.6361370538788775,2.1220490425461005,4.438428497349808,0
177,0.5936575973152143,2.70218516031927,-2.8771388867198384,0.44965590662585037,-3.8179562230663198,-0.6866200833947959,-0.8752777384541393,2.4039298678414656,0
178,0.9565253383724874,0.7934064203813258,-1.5343456224276242,2.333244404285301,1.185045439711607,-2.2758363805094213,-1.5247411059859783,-1.4485313272544948,0
179,2.0650066743401627,2.4046428617668987,2.5747537498417814,0.7505868538357765,-1.189674712633058,0.821621130072127,2.0417422826370877,4.011216041115342,0
180,0.4571409931341568,3.7135237832136783,0.4440674813063082,-0.2049350378132454,0.7524434510648552,3.6203264932055292,-0.8292508543878896,2.9215790200307445,0
181,1.8822747461920035,-1.2836105620806637,2.7080169569301322,0.47097850370678035,-0.7071579252413271,0.3846797954854453,0.7162723846925707,1.8097464013077755,1
182,3.131303165292546,-0.6790492552236902,3.2955208962337985,0.9039227507368559,-1.0793457118493108,1.799544772953938,-0.3893824465268043,3.5393515746314725,0
183,2.2753691113624948,1.7471147852212332,1.8052209080403925,2.7308672332235675,-2.060575474688422,-0.08649614021533769,1.500044759398442,3.674647477942275,0
184,-1.1852139919404616,2.6376634187431347,-1.3551279256312625,1.4550212227631638,-0.7784723293293325,1.9744792536672164,-0.09297449656269174,1.4086094721837625,1
185,-0.9240355912048077,-0.21072680181995018,0.6885823883172079,0.8433726221570585,0.09392480867267738,-1.4105818062865088,2.6223224141029826,-0.713920150828444,1
186,-0.938923087434282,1.4095062545538073,-2.3538834290607227,-0.9980298371797204,-1.4608729311535529,-1.481834884417919,0.3590849799715695,-0.29716406612546037,1
187,1.1377470727132644,1.558055804570991,1.8652256785391157,-1.8100324032725792,1.1064102128585447,1.5430297259677885,0.35930797343896503,1.8043604499334123,0
188,3.4478551437619602,-0.012236836741376322,3.3907459256692296,0.4213798110980826,1.0141367653088815,-0.21296396602500067,0.17462717485058143,2.006537511401521,0
189,2.321947855253371,-0.49461984186088603,2.7934247539254473,0.6593805861869515,-2.898867859665076,-1.2121189934934475,2.6591460241597575,3.1708529307615234,0
190,1.3619659319043014,2.038245330524964,2.053186684832,-0.3068811486873728,-0.8590961173763958,0.9046087741942564,1.7934791627529523,3.181649345167723,0
191,1.9543465997102496,1.8633376681656095,1.6909103758492456,-0.35201307485347394,-3.000530906909969,-0.4016461827984035,2.3479557551803545,4.03028209462108,0
192,1.6175929004082952,2.275269549634419,1.5901419994174415,-2.402753934899687,0.6135655790117462,1.5605834449777802,0.0385605814382477,2.5171886427067576,0
193,2.3023241000152357,3.2130960986841677,4.51746758315821,0.9024692225017834,0.06068244601846673,1.2169332026606852,3.7961130012221,4.662707417241053,0
194,-0.6659720034341188,1.2887186914187763,-0.018288940475181387,-0.7388028687302217,0.5426629589842917,0.5539786959289656,0.733031517347581,0.2100687275732979,1
195,1.3467593307035064,1.6438563864674642,-2.2389875701334794,-0.7252689779610714,-0.5827830453650149,-3.1292201649328844,-1.1266720504896912,-0.40714616067374254,0
196,0.796807502051557,-1.1218629187647526,1.9850575536122905,1.1570963854639587,0.3849861507725749,0.9159159776189698,0.28519273358081787,0.6890995323319183,1
197,2.0920194387717896,2.836708227283882,3.9250494062504235,-0.10553005200230739,1.3614703837519213,1.230341305299145,2.578019710328361,3.3594454854777642,0
198,-0.253727585935398,1.345433991209863,-0.5993031296371883,-0.4632689556608324,0.43694175435945914,-0.6750709668241772,0.4490709206074851,-0.22181316800932238,1
199,0.7304319049212373,-1.6475207981988578,6.281830610892237,-0.43015663559183687,2.3963784269493518,3.7731792298820945,2.697687018577967,1.986606353914724,1
200,-0.400758265080273,2.1157482289785916,-4.335086396439536,0.19228267439904112,-1.1949904447218476,-1.9769697767773744,-2.0971067812628306,-0.9331000313776258,0
201,-0.46199161343370565,1.7945442054426413,1.9077147012866547,0.14082842652774988,1.478847951605309,4.345559550388659,0.26520321986806383,2.095217234025947,0
202,2.2563901628212033,1.981036885076637,1.0745359367861809,-1.3777007731168525,-3.732941461587208,0.1223552026379997,1.2770177339720474,4.578319262232802,0
203,0.5534809469299163,1.8938435540625798,-2.400936673295428,-0.7470780793016416,-2.2264797979659794,-0.5896995846767165,-1.3446456225601913,1.259131413004786,0
204,0.6636944736947782,-1.0947877021601498,1.6463262207853278,-1.8193079286647236,-1.989067400208319,-0.7953113287869815,2.1056150371551245,1.3711646088656473,1
205,0.07596661165059881,-1.353477268823094,1.8549588112344486,-1.0945865395529288,0.4240320226519162,0.39559115612829654,1.1140043350456565,0.047108992572147894,1
206,1.8388249089217283,-0.1644886587220724,0.919313063059064,-0.5315569372430567,0.650153163406743,0.2371337187471656,-1.3480426459938326,0.6795648042292985,0
207,-0.1353199361823738,-0.35447027054760105,1.5007489023779959,0.8554600086826448,0.9498361944234517,0.5041872873646065,1.1034897638053238,0.003243200941245188,1
208,-0.36658897637412835,0.6414954420008604,-0.9533372462448444,0.4520333445857688,-3.239889025182478,2.4424052789593675,-0.7503251071809538,2.630436627658451,0
209,-0.24483756136706747,0.43546860644417806,-0.12435965139363539,2.1052024012080106,-2.230327057433657,2.4135280867017572,-0.35284240056350447,2.292771320057336,0
210,-0.9980845444673713,1.5357084625080621,-3.0404102413098193,-0.7095722929532247,-1.458072254082125,-1.0132309487745215,-0.6667903297846463,-0.38373482187658453,1
211,2.156636979575725,-0.24981559767558292,3.997675323545007,0.4216844682644445,-0.2025316704908824,-0.6112281490993845,2.9485550989106866,2.275893711279422,0
212,1.8312090693288674,1.6219164740636745,2.140645317134643,1.5213984978319222,-0.6001589750103049,0.4814498430452062,1.3669071211792574,2.8885688052543124,0
213,0.71368933725094,-1.7030377418898668,6.703240619011375,0.6365963258218292,3.756999976127247,4.3884531220587455,2.2531195351910758,1.5079966977877894,1
214,-0.5594285927337361,3.6772313162829544,-5.665427524531571,1.0458967154958694,-3.46316893792111,-2.482621883658161,-1.5586394822252079,0.4070078174384096,0
215,3.1048215601508633,0.6786347031406976,1.3554871092187726,1.1273582431747582,-1.1753279865103796,-1.5507043914049232,0.13859027662220558,2.229144212279582,0
216,1.3200874251083883,1.7279160591531064,-0.9116896234546702,-1.2758320865699382,-1.8972081824261786,-0.7129837426804234,-0.47390254203044346,1.8457836137720642,0
217,0.9156252744753289,0.9136395246215145,-2.1403973606468374,-0.09343407091699951,0.09410882829082934,-2.538863511317175,-1.5531223829321572,-1.0804718954079529,0
218,0.12385311191703718,1.451727255764372,-3.4110075700344153,0.8566171046256775,-1.2496533836880392,-1.39769653934098,-2.2031729758478145,-0.42286180343205454,0
219,1.033821592530741,2.2129678712676237,0.6850600447460866,0.3169794177734066,-2.1510294760242754,2.0045778565255774,0.355606459224717,3.7545244973287435,0
220,1.3688618442559288,2.714756976497437,1.8364808244322968,-0.49093744987136534,-1.01789994130055,1.2224258608258736,1.7023616520029148,3.6223700647189268,0
221,1.270826485405147,1.1789378968817132,-1.5827392100247595,-1.261454833655109,-1.5849861833666998,-1.0381594438397135,-1.423218514402632,0.9796084073594808,0
222,2.3481957186600857,-3.374494785376325,6.466903314004567,1.1761751052399196,2.9200150739308475,4.592125543806563,-0.39518397189405063,1.8239269771128785,0
223,0.8706716656755682,1.7311254850689257,-2.422553307419298,-1.4862770299502939,-0.9138763774963405,-2.1503937140236022,-1.30301941302086,-0.07066691484980929,0
224,-1.0587672914951891,2.92904990176493,-6.213938761371051,0.8994649711482459,-1.7438300530604403,-3.0142318267125954,-2.4041777939712956,-1.6125934423780788,0
225,2.1011268983924625,-0.21403775358060617,2.790314409826243,0.2529368142650801,-0.706150590430714,-0.04341978031693472,1.3760407377611552,2.2776979521811445,0
226,2.229330025843692,-0.3259129479049203,2.8128478443627913,-2.207750916382569,0.6801302848380688,-1.005817855946059,1.2790011125697163,1.0856494443142373,0
227,1.4982624574317847,2.579956514444805,1.5260711966375031,-1.0144188771679996,-0.5913010920336774,1.675694532669625,0.6479994733387481,3.374083612304856,0
228,0.38069126638731365,-0.04572754748754004,2.080795758819571,0.5119240910292749,-1.0851964457075425,2.099832130418848,1.190888003296729,2.4069209142875767,0
229,1.9458707894932523,-0.1399357674490629,4.394878148086842,-0.6457713506365684,0.042693466704421645,0.05761113072028423,3.1796742405677527,2.5002794661190597,0
230,2.392633036344998,-0.006321773475046699,3.988818254966059,-1.7339835294173527,0.5929210862083729,0.05885852317910012,2.040751634418107,2.220913398907247,1
231,0.1385605817198341,3.227306432116425,0.22793893541707078,0.15013611637138463,0.40705938591950686,3.129500270954572,-0.5251677702791548,2.5223860295900065,0
232,3.3034957205476045,-1.3803556442809353,4.224525746178811,-0.986786045739545,-0.5274234695979254,0.1865643011599296,1.0586568549185549,2.7516890857237217,1
233,1.2628372490554123,1.5936341077827207,-1.9445382228932082,-0.47570526373119687,-3.5851307857733845,-0.8990034275333748,-0.9397301763074523,2.3050036102605747,0
234,2.1518711936227257,1.512250440619436,-1.1735842151505627,-0.865039226348993,-2.176720388309924,-2.668600170027,-0.40358785314043744,1.427074195602977,0
235,2.8907189257607206,3.372316140564216,3.65943604167118,-0.3991118522027499,0.13475955852461818,0.17091479145391641,2.8393003761651343,4.182635541071826,0
236,3.153035898129268,-1.2484919498560567,4.077633101795588,1.1712457893215436,1.6085450759731559,1.3924928677345816,-0.5496741283252291,1.8028457713825097,1
237,0.28643835154534136,1.7787622515016372,0.9475545228709428,-0.8862203436094058,-0.9219112869575005,2.115282025435991,0.7030098017107327,2.6598712219326512,0
238,-1.1232645095330378,0.7748896172067459,-2.054084560104848,-1.155625481668862,-1.23736365949934,-2.5172073479570876,1.2060471331534217,-1.0436695801071383,1
239,0.9733537130675871,2.541238285162721,-3.2135181731713773,0.5845032161193091,-2.1006843055750615,-3.2003575229251986,-0.8278150910231565,0.3792572703206019,0
240,-0.44588740332752075,1.887633683688803,-1.0035440180600537,0.33503712526246754,0.36966744668307894,0.019565200996338517,-0.006029527608925056,0.0791995791081984,1
241,-0.5649054734281236,0.7194072283411846,-2.389589621047017,0.08251269932318937,-1.0149839972543624,-2.4189937322748767,0.012068959102643495,-1.1037915515989094,1
242,2.863094576483293,-0.22200051886532313,1.8024348059487967,2.33416358012704,-0.11737130795950779,-0.5442388473909733,-0.572323941651488,1.604456653370015,0
243,0.7061489116117121,-0.7405618640873111,1.168597914205412,-1.8356576328620369,1.8733791636104486,1.2057089320617822,-1.2285888881004434,-0.32470153973173066,1
244,-1.107601457383424,2.577139868089106,-5.368281614118085,-1.4480563720406896,-0.7601453363174294,-2.558148641947903,-2.179227119938746,-1.8883270565052166,0
245,1.8760033772555609,0.9904567225309568,0.089972481020141,0.25045240772777744,-1.4524745839436655,-0.2007822725257148,-0.7122754034874266,2.0334713705807492,0
246,0.7470285340135698,2.138354217613652,2.076458216123917,0.1433391676062309,-0.9363162925673667,1.8957538548861985,1.9158378919906658,3.4063691111244836,0
247,3.1000126103308734,1.034764997638912,1.284567426710622,-0.20445497968522458,-2.458297844823054,-0.34568311886169456,-0.039394427047350744,3.584150186362726,0
248,1.3410480684373625,0.7267667032640647,1.3806315767084265,-0.43522223280062844,-2.640791861945966,-0.05841122942378307,1.7098566889696414,3.0344568152089755,0
249,-0.6595531729614192,1.6265758154967438,-4.52847772460956,-2.4197452474117624,0.3746291201445868,-2.593882297125275,-2.5244043867404313,-2.529395162540065,0
250,0.11652776610277904,0.012556455104714148,1.2259707612199613,1.2873243901521403,1.335962791894888,0.342959069973922,0.6206102673584256,-0.14037033982869385,1
251,1.0275107629625375,2.099537279941221,1.4125323437567117,0.006868254939036984,-1.3901858026753398,1.1096239244284996,1.477554676587852,3.217135591289468,0
252,-0.144363217916732,3.8428869492161546,-0.03090873088322186,-1.6063770056091804,-1.3870296179928567,4.5113450314208166,-0.4180761123821539,4.194789262488752,0
253,2.5175504194927516,1.0727472788292913,0.27495615156785225,0.06111560936738784,-2.220567801689067,-1.2494631420412918,-0.13964350938809567,2.4937685390294133,0
254,4.076899097152102,0.5589249670958274,3.193382778693611,-1.0634020065709509,-3.8001352911032846,0.8667551416557691,0.7752994002604106,5.784587950894325,0
255,0.03617342220291597,1.844795118381498,-3.4206762577329894,0.6086074423567405,-0.8722653210083313,-2.015360927048128,-1.6807357067059365,-0.7264124642534134,0
256,0.34787435260979727,1.8983839505180709,1.4706743558328177,0.4801461362223696,0.587335376457143,2.792543339473262,0.2827841196988331,2.265768774556523,0
257,0.7911019248753604,0.9357053190384912,-1.74098247842504,-0.4620960186513983,0.5618425801579754,-1.9472989983529878,-1.4940617019585807,-1.028966126646828,0
258,1.3688520084406954,1.1421583768910095,-1.1808106366619313,1.7691167002632864,-1.3828895215969192,-0.8221863725740002,-1.2759113503973458,1.1191203774280973,0
259,1.955687054937996,1.3950038462312984,-0.6929408774777531,0.9519603635098018,-1.0114751753797193,-1.9279464684842422,-0.6147550303776013,1.0420335820215054,0
260,1.834122865775807,1.338952985654394,-0.996703427941112,1.5728146409171813,-0.3623778259209195,-2.6670207368510157,-0.6639641569158575,0.18024790078214867,0
261,-1.055821440410925,0.024954086625764926,-0.6554447376210679,0.23658175087619732,-1.1060098360214787,-1.6694712973632289,1.8826458338778118,-0.5662092097916056,1
262,0.3256610540256234,1.7809982205605133,1.6887955748156225,-0.6694101948325517,-0.6699821895716613,2.1090540956345154,1.474040653082031,2.828580911178594,0
263,0.612065780020005,-0.355080003616403,1.0747091544236917,0.2651555272988874,-0.15390310869567725,1.5558715340711111,-0.4644026183337049,1.1584151846926452,0
264,0.40267320016189856,-1.2851229485744466,2.8310289179249644,-0.6455694286484754,0.3200578939564136,0.9300652132217853,1.6866747148278107,0.8643274191771089,1
265,-1.720762685594866,1.2761554721275963,-3.9048492496315417,1.3697087779697807,-3.7342305468465877,-1.4876889774799298,0.15693248058265508,0.09904472499663777,1
266,1.3068904075252976,2.2563724179129605,1.6420141497446512,-0.18147832957919605,-1.1797589100103005,1.45915196045729,1.2204817762248146,3.4855675408579394,0
267,0.2529027032851353,1.7288750016877301,1.1121052473975832,1.4790789734057603,-1.1575069803933693,2.2017460656495866,0.9561030692091328,2.8689461260298015,0
268,1.574938931790063,1.193491421045068,-0.5988544196214792,1.2277208771391783,-1.0976846560337266,-0.9123741790223777,-0.8150645024718277,1.2564451014831628,0
269,2.046852502964416,1.8196660439396743,-1.402305783889232,-1.5396665192733199,-2.678096423045126,-2.689081049191132,-0.20685640920754633,1.7390110093148692,0
270,1.7010564174432758,2.317579374343553,0.4109443601885773,-0.8322938831181725,-1.1793022513820473,0.8733219796618092,-0.30337407705627806,2.938425173675596,0
271,-0.052226676981701914,2.6568758927396177,-4.30933992640192,-1.0981454780308466,-2.609508609728114,-1.917857181515891,-1.6456117087578812,0.3578427160028339,0
272,1.303203371605516,0.6627875795907143,2.2519878848707906,-1.2400602924705844,-0.36523350961309964,1.216102685882967,1.034962142514055,2.400607337128028,0
273,1.0945127375494488,0.41208260442987443,1.771515049265755,1.4740560524880801,1.1921330072304024,0.8185376870671494,0.17767800222703078,0.9001484072319937,0
274,1.4881190356455742,1.4583628381761733,0.35736161928278226,0.42423425971189876,-1.0847223932246188,1.5571089877585869,-1.038766819372121,2.6151569633910334,0
275,0.3361187230627991,0.5537273052654124,0.9244773623767747,-1.7048785541323237,-0.5728143120064098,1.7420845228504593,0.1337807114973255,1.744461314209477,0
276,4.0303696344869095,0.22786949286406022,2.874510707581945,1.9570636405416413,-2.638353083570191,-0.11634168493836827,0.44608208972686225,4.412084971928504,0
277,1.497513506944537,1.2565968156645413,-1.25889470264512,1.182453826605304,-0.5744212906373443,-1.9827138335715433,-1.0244556625149375,0.2784554242307538,0
278,1.3583341706130438,2.767776315816651,3.517306908182201,-0.1843566507170958,-0.2565119156298876,2.3805291611681905,2.7379194233556188,4.287475958088529,0
279,2.091162261494491,-2.1852094040427867,8.617379317039386,-0.2657695864939831,2.776800905487845,3.7627254952159843,3.69465719025042,2.984131799394223,1
280,0.7997185547318668,3.4816398993925857,1.4508878810310928,-0.22019462700795758,-0.036339871035613314,3.136320363773694,0.5624887647112636,3.6790524462099357,0
281,-0.5886784655194068,3.9897893790354253,-5.656096565874795,-0.045970007917145186,-1.8828906791986761,-3.914201754479956,-1.0700900649337597,-0.9356384325754996,0
282,1.8783446031041053,0.8121497565760105,0.47499525218939,1.1453891885473528,-0.40415083836645127,-0.46421565829904365,-0.5804951960917949,1.3710205324471498,0
283,-1.0846196473088308,2.463747876248588,-2.227981260390912,-1.540793042430867,-1.1138479642690735,-1.0027608701421877,0.7244623544919107,0.1523764894581299,1
284,1.3659985379309132,-1.4335103591029361,5.642502826450067,-0.744784206726527,3.9779192958859264,3.1018803449804793,1.129397563140246,0.8429972000767388,1
285,3.729098711307415,-0.2730408736153529,3.6664865909156132,1.891387849550339,-0.31576053332794685,0.2437153325749839,0.32535360592264206,3.0879556350495085,0
286,1.7198181958887682,-1.1828846361816712,2.4560407678589207,-0.9663123857651326,-2.2520693439712653,-1.1648969278996673,2.268697814211733,2.0968190589588307,0
287,-0.08067015687419254,2.304971595429004,-4.205705081471748,0.4939518719937205,-3.9473832031911735,-1.0050743846657102,-1.7115211755517037,1.3744147733126355,0
288,0.39907616729326967,1.3272741426062649,1.4779497704453344,-0.6528967724115621,-2.667330099302231,1.8021450064236175,1.9274710684985101,3.679454968948372,0
289,-0.309607657215226,2.308407849523217,-5.4222850470832205,-0.1910476899470299,-1.4920186946525482,-3.8020338009709373,-2.124585100648738,-1.726261894484568,0
290,-0.10388118365615284,2.159014277383755,-1.0931679199070894,-0.5423723214387958,-3.81306082442931,3.626839896204647,-1.015844155776178,4.1577503885090845,0
291,1.4957037989573712,0.9272557905946548,-0.6779639442818529,-0.8734096340878084,-0.6057577018604695,-0.9580313166104423,-1.124584095602416,0.7481933807934298,0
292,2.189197302247651,0.9295166846735,1.4929499438803842,-0.19433154542032846,-1.3263762335607436,-0.2046162254176489,0.5954089412769066,2.631183147768953,0
293,0.3459562289433492,2.081851253060303,-0.6369377537905204,1.0844795830730707,-2.8858492205973083,1.7735173982571801,-0.14169545195983257,3.2528660502831634,0
294,-1.0446367625186022,-0.6839180178669391,1.8633315913092094,0.6333613148436524,0.6809234318251953,-2.0107896326716452,4.121142486019642,-1.0642913586969487,1
295,0.34898218294902805,-0.4602248213021054,2.252510467592558,0.8858031376017194,-0.598545701032663,2.541426556200844,0.750580979406919,2.127499735238667,0
296,0.944319060033997,1.1486064758348522,-1.0871905593900242,-0.3617630688368137,-1.5400827849616479,0.20329421845949414,-1.307249405710408,1.46217457752562,1
297,0.8551741570454735,1.520721747588596,-1.0848912194649702,-0.21915601971306176,-2.9563906999364216,1.2384733854441514,-1.1318505079243701,2.8460781508181054,0
298,-2.094176584484504,1.6025133335737494,-2.607571234882986,-1.8333411645064328,-2.207920410801167,-0.5330363084073464,1.0667524545038698,0.05144284982220074,1
299,0.956251580100488,2.3620871792043863,0.1353067027577732,1.5313237445794692,-2.482559585463341,1.1596004683965082,0.5222936585358403,3.4710139484408598,0
300,0.7213895368048195,-1.1880839699130905,4.610809329964225,0.38153856258933105,0.589825948453183,1.5942728956788919,3.0324431416903677,1.8440471023850475,1
301,2.004184898702863,-0.9342897832367831,3.0959314406272744,-0.25325491002521017,-0.4571585215750831,-0.044420778695483554,1.4086468736641,1.8762787498277922,1
302,2.0122668149744523,1.3593711564474908,1.2548143668202487,-0.8881478957273766,-3.228409103335463,-0.09416958057065972,1.3988985115862722,3.8814676876277674,0
303,1.2000253763016269,1.4203986931618189,3.69909773981067,-0.6879338668371778,2.3514571110840574,2.177958245824563,1.5584997221123065,1.9872887660260752,0
304,2.030634786410636,0.8933936211671737,-1.0473575394855752,0.10678719347417348,-1.1596945182193603,-2.4812529283926423,-0.9505436543661436,0.5812201620597639,0
305,0.7044403454436015,1.8826224471701554,-2.66882949113031,0.24092499728946865,-2.0409309015727315,-1.5011100951799683,-1.3211461020319735,0.7610470677939873,0
306,0.9760417777945651,0.36841994105975273,2.252043328927921,-0.9425653914430656,0.20753392699392936,1.0039818437559835,1.151987869101429,1.7105362938743292,0
307,2.8641887420932646,0.04655863936800464,1.4531776804864989,-0.9438507054237175,-1.1173250019394898,-0.6845178130121263,-0.37624000652789014,2.1529691337148873,1
308,1.6732511825120508,0.8834658701463556,3.243695494607654,-0.18753412005487335,1.7995827262806932,0.9356197884627564,1.2667662017667598,1.6224075421472228,0
309,-0.32260492911282035,2.033691444470782,-4.194167158479961,-0.6839595017990969,-1.8168637856926073,-1.610546779247207,-2.035159641393684,-0.36953172372158993,0
310,2.701792917052171,0.2728613411300791,1.8393256770627309,-0.5356133384254117,-0.5831024778872911,-0.004011941616087977,-0.2794239040543227,2.2712464993718795,0
311,0.5615699618789792,-0.10155006554108015,-0.8432965573337239,-0.7137538562706509,0.2930123794445776,0.5483486306698213,-2.1658791566088533,-0.17790234547010775,0
312,1.250556110323768,0.29904795736534084,1.7612400969479443,0.8991357136874919,-3.367313013035284,-0.05134670632808924,2.358432686497676,3.4101081621097107,0
313,1.2655424478166768,-0.2797099638103788,0.6552707853196007,-1.1081645311908017,0.7601526388188766,0.9540591998093284,-1.6236724735526016,0.48539555810040846,0
314,0.5504151405027409,1.7959567463042847,-1.1821785200948256,0.8729191867707867,0.20390702389167514,-0.8342858767268573,-0.7168618431781448,0.13494419255516404,1
315,1.5516625665259807,2.3293913776923407,1.3503409964295865,-0.9654979858290557,-2.870923489847857,0.9247568182796637,1.668411077346779,4.345107205145945,0
316,1.3298170597713908,0.9140102592547736,-0.41521169709990824,-0.5484396718269897,-1.96684950920222,0.5621758617095898,-1.0716014650482082,2.168614459572461,0
317,1.9521736289452658,0.13759001747452526,0.9679036227393137,-0.13525432539369245,0.03349614974853932,0.312137759004562,-1.0640982036192044,1.2921183316906952,0
318,0.6254774164303016,-2.15517293253072,6.228549589913017,1.5856464928857328,3.3852846017443383,3.815233616043945,2.0726566479211614,1.089907943833837,1
319,-2.136459842911277,2.0387553631751385,-2.5848582930459587,0.5594490759950371,-1.8228599024754828,-0.8052447914943053,1.3720414578338131,-0.08371488887660437,1
320,0.2085584462944653,1.569207930801952,-2.7262549088175936,-1.5245212866191742,-0.474799532659251,-1.245240126511333,-1.810536518521052,-0.473451016235843,0
